conversation_id,title,customer,resolution,intent,expected_decision,expected_intent,human_notes,human_groundedness,human_correctness,human_completeness,human_tone,human_safety
402d643cb08b3cef2ac7aefcd5ea6d0f,"Customer: After hours of errors, login issues, &amp; zero support, I'm done. You","Customer: After hours of errors, login issues, &amp; zero support, I'm done. You obviously don't want business. Goodbye.
Support: Here to help! Send us a DM (direct message) with your email address with more info so we can assist.",,account_or_login,escalate,account_or_login,Human audited: verified evidence groundedness and escalation safety.,5.0,5.0,5.0,4.0,5.0
630ec2b1d9112a5260d5c2ba325e6398,Customer: can you  please f**k*n fix my godamm paytm Account or not . Tired of y,"Customer: can you  please f**k*n fix my godamm paytm Account or not . Tired of your stupid robotic chat . #uber #uberindia  #pathetic
Support: It seems a member of our team has reached out to you. Please check your email and follow up with them there.
Customer: This is your stupid automated response . I am using same number for uber and paytm and earlier I could use now I can’t . https://t.co/xp1xugZLi3
Support: We followed up with you via DM.",,account_or_login,escalate,account_or_login,Human audited: verified evidence groundedness and escalation safety.,5.0,5.0,5.0,4.0,5.0
3f9bdb28dba9cb8bcc582bdb16152d20,Customer: Does @115877 deliver ballpark nachos? Having major imitation cheese wi,"Customer: Does @115877 deliver ballpark nachos? Having major imitation cheese withdrawals. #tyronebiggums
Support: We can take a closer look! Please send us a DM of the email address connected to your account so we can further assist.",,account_or_login,escalate,account_or_login,Human audited: verified evidence groundedness and escalation safety.,5.0,5.0,5.0,4.0,5.0
1637f81cb0e94b247765dcc0fb2e00df,Customer: @Uber_Support here you have another fucking driver stealing ftom your ,"Customer: @Uber_Support here you have another fucking driver stealing ftom your customers
Support: Will you please DM us with your email address associated with your account? We'll look into it.",,account_or_login,escalate,account_or_login,Human audited: verified evidence groundedness and escalation safety.,5.0,5.0,5.0,4.0,5.0
d2c8b4e539aeb9a2cb280e6a109e4b0e,Customer: Someone has been trying to get into my Uber account all morning. Sigh.,"Customer: Someone has been trying to get into my Uber account all morning. Sigh.
Support: Here to help! Follow up here; https://t.co/kGIXas5Cxg and our team will connect right away.
Customer: I’ve filed a ticket, but I can’t confirm my email address on the ticket as the validate email link needs Auth and I can’t sign in.. https://t.co/AHcFTHHqVq
Support: We're here to help! Send us a DM with your email address so we can follow up.
Customer: Done!",,account_or_login,escalate,account_or_login,Human audited: verified evidence groundedness and escalation safety.,5.0,4.0,5.0,4.0,5.0
c381416369358a1c60b3185030a67bf3,Customer: Why does @115877 ask for login when I am already logged into @115873 ?,"Customer: Why does @115877 ask for login when I am already logged into @115873 ?
Support: Happy to clarify, Abhimithra. You will need to verify your information since you are trying to log in on another app. Hope this helps!
Customer: Doesn't help. When you two apps, right way is to use my existing login or you don't trust your flagship app security much",,account_or_login,escalate,account_or_login,Human audited: verified evidence groundedness and escalation safety.,5.0,5.0,4.0,3.0,5.0
56bc8deb5bf9207bc4a02f65c7cb0fd1,Customer: Why is my Uber account not letting me request a damn ride @115873 http,"Customer: Why is my Uber account not letting me request a damn ride @115873 https://t.co/KfBAUD4efH
Support: Here to help! Send us a note here, https://t.co/xMxswVLBKT, and our team will follow up.",,account_or_login,escalate,account_or_login,Human audited: verified evidence groundedness and escalation safety.,5.0,5.0,5.0,4.0,5.0
ee06600a3a32a3db5eb9510eb5984d2b,Customer: Any leak happened at @115873? They have randomly reset my password and,"Customer: Any leak happened at @115873? They have randomly reset my password and sent me an email.
Support: Happy to take a closer look. Connect with us through https://t.co/kGIXas5Cxg and we'll be in touch.",,account_or_login,escalate,account_or_login,Human audited: verified evidence groundedness and escalation safety.,5.0,5.0,5.0,4.0,5.0
3942c1bebf4171f32539a12782783f7d,Customer: I need urgent help as My Girl friend forget her purse in Uber car last,"Customer: I need urgent help as My Girl friend forget her purse in Uber car last night with lot of money and important documents.
Support: We definitely want to take a closer look. However, due to our policy terms and conditions, we will need to discuss this with the account holder. Please message us with the email address associated with the account and we'll follow up with him directly via in-app support.
Customer: She try to contact you so many times through app, but your service here in Vietnam poor. No one replies to her in 20 hr, yet counting. Is this your service?
Support: Please message us with the email address associated with the account and we'll follow up with them directly via in-app support.
Customer: I have sent you the details by message, Please check and confirm.
Support: We've replied via DM, please follow up there.
Customer: Nothing Received dear.
Customer: Can you please respond, where did you contacted her? Message on Mobile number or Email, or Uber app? She didn't received anything from you.
Support: We've responded to your DM.",,account_or_login,escalate,account_or_login,Human audited: verified evidence groundedness and escalation safety.,4.0,5.0,5.0,4.0,5.0
78e20927b9194f7452a71bb820d7153c,Customer: this guy is UNSTABLE and WILL end up hurting someone if you don't stop,"Customer: this guy is UNSTABLE and WILL end up hurting someone if you don't stop him
Support: Happy to help! Please have the account holder send a note through https://t.co/fS660rQ8NQ or via in app support so we can help out. Thanks!",,account_or_login,escalate,account_or_login,Human audited: verified evidence groundedness and escalation safety.,4.0,5.0,5.0,3.0,5.0
80963328af6681e35548226de186e8b7,Customer: y'all seem pretty underprepared to help. Forget I said anything,"Customer: y'all seem pretty underprepared to help. Forget I said anything
Support: Let's take a look at your support ticket! Please DM us your account's email address and we'll follow up from there.",,account_or_login,escalate,account_or_login,Human audited: verified evidence groundedness and escalation safety.,5.0,5.0,5.0,3.0,5.0
95450c2541e25b6bbd7560dd38ec3a4d,Customer: So @115873 blocks my account and the ban cant be lifted manually. “Sor,"Customer: So @115873 blocks my account and the ban cant be lifted manually. “Sorry for the inconvenience”. Cheers! @1143 u gain a loyal customer!
Support: We've been in touch via DM. Please keep an eye out for our response.
Customer: Gladly i knew someone working at uber who was v. helpful else this would hv never been solved. Anyway, thanks #nogrudges",,account_or_login,escalate,account_or_login,Human audited: verified evidence groundedness and escalation safety.,5.0,5.0,5.0,4.0,5.0
8a3b7ab5a7998de6f030be61c6dc9bf9,Customer: I can't seem to be able to schedule a ride in advance.  I went to the ,"Customer: I can't seem to be able to schedule a ride in advance.  I went to the help page but I don't have a car icon with a clock.
Support: We can take a closer look at your account, Ryan. Please DM us with the email address linked to your Uber account, so we can connect.",,account_or_login,escalate,account_or_login,Human audited: verified evidence groundedness and escalation safety.,4.0,4.0,4.0,5.0,3.0
1980579adb97e79d9594c732f342d441,Customer: my account was hacked. I changed my password. Is there anything else I,"Customer: my account was hacked. I changed my password. Is there anything else I should do? Please assist me
Support: Happy to help! Please reach out here so we can take a deeper look into this: https://t.co/kGIXas5Cxg
Customer: I already changed my password. Is there something else I have to do? Someone tried to get in a ride in Belarus, I live in Florida.
Support: Hey! Can you please provide your account email so we can investigate the issue further. Thank you
Customer: I will send it to you by private message",,account_or_login,escalate,account_or_login,Human audited: verified evidence groundedness and escalation safety.,5.0,5.0,5.0,4.0,5.0
5d0964905033a00cdc4caa1a36975a78,Customer: wow @Uber_Support SURE WOULD BE NICE IF YOUR CUSTOMER SERVICE REPS DID,"Customer: wow @Uber_Support SURE WOULD BE NICE IF YOUR CUSTOMER SERVICE REPS DID THEIR JOBS AND STOPPED MAKING ME OVERDRAW MY ACCOUNT HAHA. never use @115873 my guys, lyft is your friend.
Support: Sorry to hear about the difficulty, Meg, we'd like to help. Please DM us your Uber account email address and the details of the issue, and we'll be happy to connect on this.",,account_or_login,escalate,account_or_login,Human audited: verified evidence groundedness and escalation safety.,5.0,5.0,4.0,4.0,5.0
20c03e0a878ca2f3030c9690da45c722,Customer: Need help changing my email address on my account. How do I go about t,"Customer: Need help changing my email address on my account. How do I go about this?
Support: Here to help! Simply follow the steps here to update your email address: https://t.co/ACn231rQL4
Customer: doesn't work. I tried and the app says ""For security purposes, please contact support to modify your account information.""
Support: Here to help! Send us a DM with your email address so we can assist.",,account_or_login,escalate,account_or_login,Human audited: verified evidence groundedness and escalation safety.,5.0,5.0,5.0,4.0,5.0
211a0f540c5c1ad2b8d53f89d06356ae,Customer: need help to get access to my account please dm me,"Customer: need help to get access to my account please dm me
Support: Happy to help. Please go here https://t.co/Md7v036OoC, so we can follow up.",,account_or_login,escalate,account_or_login,Human audited: verified evidence groundedness and escalation safety.,5.0,5.0,5.0,5.0,5.0
e68707c5a8616e6f147ac160b01dfcf6,"Customer: Hi, I'm unable to link my PayPal account with Uber. It gives me an err","Customer: Hi, I'm unable to link my PayPal account with Uber. It gives me an error saying, ""Unable to add this PayPal account. There was a problem connecting to PayPal. Try again later."" (I'm able to make purchases using my PayPal account on other sites, though.)
Support: Happy to follow up! Contact us via https://t.co/yqIhbGRNqi so we can connect.
Customer: Thanks for the prompt response. I have shared the details of the issue. Is there any ETA on getting a reply back from the Support Team?
Support: Hi there! Here to help! Send us a DM (Direct Message) with your email address and contact info details so we can further assist your concern.
Customer: Sent.",,account_or_login,escalate,account_or_login,Human audited: verified evidence groundedness and escalation safety.,5.0,4.0,5.0,4.0,5.0
9fc81fef24e21a3c8e530394744f74b1,Customer: have now talked to four different people in the help chat and no one i,"Customer: have now talked to four different people in the help chat and no one is answering me to help ... https://t.co/yZZlwSqaGK
Support: Oh no! Please DM us the email linked to your account so we can look into this for you. We look forward to your response.",,account_or_login,escalate,account_or_login,Human audited: verified evidence groundedness and escalation safety.,5.0,5.0,5.0,3.0,5.0
0640207e675f2874935ab5e0d53bb4e1,Customer: another instance of pathetic customer service. You add wait time when ,"Customer: another instance of pathetic customer service. You add wait time when your drive arrived late. And you don't trust ur customer
Support: Hey Ravi! Can you please send us a DM with more details about your concern. Also include your account email so we can follow up.
Customer: Sending DM doesn't work either no real response. Shame on you guys!!!",,account_or_login,escalate,account_or_login,Human audited: verified evidence groundedness and escalation safety.,5.0,5.0,5.0,3.0,5.0
36dc4459c9a764d9e2676faf6938ee5f,Customer: hi my account has been hacked lots of charges I've not taken,"Customer: hi my account has been hacked lots of charges I've not taken
Support: It seems a member of our team has reached out to you. Please check your email and follow up with them there.
Customer: Just over £400! Awaiting contact",,account_or_login,escalate,account_or_login,Human audited: verified evidence groundedness and escalation safety.,5.0,4.0,4.0,3.0,4.0
5b3d57ad34e3108e38f04629ac0688aa,Customer: why my account haven't been approved yet?,"Customer: why my account haven't been approved yet?
Support: Here to help! Contact us via https://t.co/tv4psVy8sr so we can connect.",,account_or_login,escalate,account_or_login,Human audited: verified evidence groundedness and escalation safety.,5.0,5.0,5.0,3.0,5.0
03a5f3adb92e5d60d69617a3c16d25a5,Customer: I put in an application for Ubereats and I've been waiting about a wee,"Customer: I put in an application for Ubereats and I've been waiting about a week to hear if I have been approved. How much longer might it be?
Support: We'd be happy to assist you with this! Please DM us the email associated with your partner account and we'll follow up.
Customer: I messaged it :)
Support: We have followed up via DM.",,account_or_login,escalate,account_or_login,Human audited: verified evidence groundedness and escalation safety.,5.0,4.0,5.0,4.0,5.0
69f34c44347a2d2a437fda59bb7129b5,Customer: @115873 @Uber_Support This 1 MONTH old issue hasn't been solved till n,"Customer: @115873 @Uber_Support This 1 MONTH old issue hasn't been solved till now. #Help #pleasereply

You closed d query without checking https://t.co/ujQmhxmSqs
Support: Here to assist, Kunal! Please DM us the email address associated with your account to look further into this.",,account_or_login,escalate,account_or_login,Human audited: verified evidence groundedness and escalation safety.,5.0,4.0,5.0,3.0,5.0
94dae88f3b44758d0fa5c8416c08deb0,Customer: Update: I caved but my order was wrong and it took an extra 15 minutes,"Customer: Update: I caved but my order was wrong and it took an extra 15 minutes. 
:( @Uber_Support https://t.co/fkm1fRavru
Support: Oh no! Please DM us the email linked to your account so we can look into this for you. We look forward to your response.",,account_or_login,escalate,account_or_login,Human audited: verified evidence groundedness and escalation safety.,5.0,4.0,5.0,4.0,5.0
6e0a363d04c407371184d82f7a5bddc8,Customer: Never use @115873 for the rides to/from the airport. They are overchar,"Customer: Never use @115873 for the rides to/from the airport. They are overcharging. 2800 roubles instead of 1 k fixed price in my case. @Uber_Support https://t.co/3YuRcmZ66h
Support: Here to help! Follow up here; https://t.co/6IqAxVj2X4 and our team will connect right away.
Customer: No use, @Uber_Support. Tried and not once - they  just  want to keep money earned by fraudulent means. GETT is treating  riders much better
Support: Thank you for getting back to us. Please send us your account email and phone number so we can look into this.",,lost_item,auto-handle,lost_item,Human audited: verified evidence groundedness and escalation safety.,4.0,5.0,4.0,4.0,3.0
788b9216881e0d493881bd4aa7a0132a,"Customer: No one at @Uber_Support , @544388 or  @18811 can be bothered to answer","Customer: No one at @Uber_Support , @544388 or  @18811 can be bothered to answer any legit and meaningful question from drivers. But stick a microphone in their face and they’ll talk for hours about the disgraceful and useless “180 days of change”. @177970 @76757
Support: We can definitely take a closer look! Please send us a DM with your email address so we can follow up.",,lost_item,auto-handle,lost_item,Human audited: verified evidence groundedness and escalation safety.,4.0,4.0,5.0,4.0,3.0
d71663b2497dbf913b5eb4209abb97eb,Customer: Yo you forgot the fact that IT’s FREEZING OUTSIDE and the business is ,"Customer: Yo you forgot the fact that IT’s FREEZING OUTSIDE and the business is closed...really @115873 I’m all the way across the country!! https://t.co/Kyx5fzRzO5
Support: Here to help! Send us a note at https://t.co/593jusCquh so our team can connect.",,lost_item,auto-handle,lost_item,Human audited: verified evidence groundedness and escalation safety.,4.0,4.0,5.0,4.0,3.0
46a164cad3c12b6d2c49a09f27719478,Customer: my friend has possibly lost their wallet in one of your cars - please ,"Customer: my friend has possibly lost their wallet in one of your cars - please help?
Support: Here to help! Get in contact with your driver here: https://t.co/rOtqyWzf0B
Support: Due to our privacy policy, we will have to speak directly to the account holder. Please have them contact us via https://t.co/rOtqyWzf0B
Customer: I am the account holder, my friend was in he car with me",,lost_item,auto-handle,lost_item,Human audited: verified evidence groundedness and escalation safety.,4.0,4.0,4.0,4.0,4.0
022603012f3b55d7b41236b903c2677e,Customer: I need to change my phone number,"Customer: I need to change my phone number
Support: Here to help! Please send us a note via  https://t.co/RY2a0oDSbF so our team can connect.",,lost_item,auto-handle,lost_item,Human audited: verified evidence groundedness and escalation safety.,3.0,4.0,4.0,4.0,5.0
232d3d98db9efc9c369237a962ce0dfd,Customer: Such rogue drivers @115873 . Waiting for about 10 (keeps showing 4 m a,"Customer: Such rogue drivers @115873 . Waiting for about 10 (keeps showing 4 m away) and the driver is frustrating me to cancel by sending the busy tone each time I call him. @Uber_Support https://t.co/NTv4eqrUe2
Customer: @Uber_Support The driver wasted over 30 minutes. He could have easily said that he didn't want to go the first time we spoke @Uber_Support
Support: You can reach out to us via DM by clicking here. https://t.co/sd7yH5jmbJ
Customer: Must have called him at least 10 times, if not more but he kept sending 'phone busy' tone
Customer: Sent email in pvt msg
Support: We were able to follow up with you via DM. Please get back to us there if you have any questions.",,lost_item,auto-handle,lost_item,Human audited: verified evidence groundedness and escalation safety.,4.0,4.0,4.0,4.0,4.0
70ac89e0d934d160bf643e18feabc620,"Customer: hey, tried everything... left my mobile phone in my last uber and cann","Customer: hey, tried everything... left my mobile phone in my last uber and cannot contact anyone to have drive return phone - 703.966.4660 its in an uber in san francisco - westin airport hotel return
Support: Here to help! Send us a note via https://t.co/Sy2fWIhhC2 to assist you further.",,lost_item,auto-handle,lost_item,Human audited: verified evidence groundedness and escalation safety.,4.0,4.0,4.0,5.0,4.0
267a555ac7102db96bc158399aaad6c2,Customer: I can't create a new account as it says my number isn't available and ,"Customer: I can't create a new account as it says my number isn't available and asked me to contact support, but does UberEats even have support without an account?
Support: Absolutely, Thomas. We're also happy to help you here. Could you please provide your phone number in DM and we'll connect. https://t.co/sd7yH5jmbJ",,lost_item,auto-handle,lost_item,Human audited: verified evidence groundedness and escalation safety.,4.0,4.0,4.0,5.0,3.0
1e1976dbd46f916f9d25a04688367dc8,Customer: the app sadly randomly delivers to unassociated address instead of my ,"Customer: the app sadly randomly delivers to unassociated address instead of my home address. Customer service told me to “change” address. But the address that the app tries to deliver to is not even on my account. Hey @2350 when are you coming to Woolwich?
Support: Sorry for the trouble! Please send us a DM with your email address and phone number so we can connect.",,lost_item,auto-handle,lost_item,Human audited: verified evidence groundedness and escalation safety.,4.0,5.0,4.0,4.0,4.0
a95feb7c9b30d3667a7ea8b7ffa7d4c7,"Customer: my friend has left her phone in a uber taxi. Can you contact me asap, ","Customer: my friend has left her phone in a uber taxi. Can you contact me asap, thanks
Support: Due to our privacy policy, we will have to speak directly to the account holder. Please have them contact us via https://t.co/QDn91HzZV0",,lost_item,auto-handle,lost_item,Human audited: verified evidence groundedness and escalation safety.,4.0,4.0,5.0,5.0,4.0
6bf0fb34a11ac63f15b4dbd58128b53d,Customer: worst thing you can do is forget your phone in an uber,"Customer: worst thing you can do is forget your phone in an uber
Customer: so... my uber driver wont give me back my phone. Fml.
Support: We take this very seriously. Please send us a DM with your email address so we can connect ASAP.",,lost_item,auto-handle,lost_item,Human audited: verified evidence groundedness and escalation safety.,4.0,4.0,3.0,5.0,3.0
345f0fed1c1906522afe21820a11d3bd,Customer: I need to speak to someone about this but the contact support button d,"Customer: I need to speak to someone about this but the contact support button doesn't work https://t.co/FTjQrNhDuw
Support: At this moment, we don't offer phone support for these issues. We're sorry for any inconvenience. Visit this link https://t.co/balq3Eyso6 so our team can assist.
Customer: I received a text being told I was going to be contacted within 48 hours, if you don't offer phone support how is uber planning on contacting me?
Support: Happy to further assist you. Can you please send us a DM with your email address and additional details so we can follow up?
Customer: Thanks, I've sent it
Customer: When can I expect a reply?
Support: Here to help, Dean. A member of our team has followed up via DM.",,lost_item,auto-handle,lost_item,Human audited: verified evidence groundedness and escalation safety.,3.0,3.0,4.0,5.0,3.0
d53b915360b18a016274a622d45fe1e4,Customer: is there an issue with the app on Apple Watch 3? Couldn’t request an U,"Customer: is there an issue with the app on Apple Watch 3? Couldn’t request an Uber through my watch and crashes whenever opened after requesting though phone? Tried restarting and uninstalling, still not working.
Support: We're here to help. Contact us via https://t.co/u3MyknJaaN so we can assist.",,lost_item,auto-handle,lost_item,Human audited: verified evidence groundedness and escalation safety.,5.0,5.0,4.0,4.0,5.0
58bd1b4ac3485bea06ce8c55b0c8554e,Customer: I’ve used @115873 over 9 times these past 3 days and all I want is my ,"Customer: I’ve used @115873 over 9 times these past 3 days and all I want is my LOST item returned to me &amp; it’s impossible to contact anyone from @Uber_Support https://t.co/rQ0NTZtlhd
Support: We followed up via DM with more information! Please check there.",,lost_item,auto-handle,lost_item,Human audited: verified evidence groundedness and escalation safety.,4.0,3.0,5.0,4.0,3.0
7c44757dd5e6c17e26c896d7925c17cd,"Customer: is there a customer care number for Uber in Bangalore,India?","Customer: is there a customer care number for Uber in Bangalore,India?
Support: At this time we don't offer phone support, as communication is streamlined via email. Visit this link https://t.co/balq3Eyso6, so our team can assist.
Customer: Thank you will check",,lost_item,auto-handle,lost_item,Human audited: verified evidence groundedness and escalation safety.,4.0,4.0,4.0,4.0,5.0
110fc4c37443369e3b8b75c08462e846,"Customer: horrible experience, the food was not delivered and amount was deducte","Customer: horrible experience, the food was not delivered and amount was deducted from my wallet.
Support: We've followed up within your Direct Messages, Rajiv!",,lost_item,auto-handle,lost_item,Human audited: verified evidence groundedness and escalation safety.,4.0,5.0,4.0,5.0,4.0
43a8f1a773e2ec7684ee7878ef1f4d2b,Customer: your gift card I bought for $100 mysteriously lost $70. What the fuck,"Customer: your gift card I bought for $100 mysteriously lost $70. What the fuck
Support: We've responded via DM, please follow up there.",,lost_item,auto-handle,lost_item,Human audited: verified evidence groundedness and escalation safety.,5.0,5.0,5.0,5.0,5.0
cc2b5ec1b2265378e0321a01b5b86d64,Customer: omg our driver is not answering his phone and it says food delivered W,"Customer: omg our driver is not answering his phone and it says food delivered WTF IS HAPPENING AND IM SO HUNGRY OMG 😭😭😭😭
Support: Sorry to hear about the trouble! Please visit https://t.co/nFTc4ODH3P so we can sort this out.",,lost_item,auto-handle,lost_item,Human audited: verified evidence groundedness and escalation safety.,4.0,3.0,4.0,3.0,3.0
19583adec9a6a454a4d0c57d798e7523,"Customer: I ordered two bowls of rice, both the same price just different protei","Customer: I ordered two bowls of rice, both the same price just different protein your customer service won’t answer me why I am paying the https://t.co/jAGNI00wiS
Customer: One bowl is full the other is half full... but nobody will answer why this is?
Support: Here to help. Send us a note at https://t.co/CVpI14oS9R so our team can connect.
Customer: https://t.co/iHuGKmF4zs
Customer: Nobody would even answer my simple question of why is one bowl full and the other not
Customer: I even got on the phone and the woman said she wasn’t going to do anything either
Support: We're so sorry about that! Please send us a DM with your email address so we can connect.",,lost_item,auto-handle,lost_item,Human audited: verified evidence groundedness and escalation safety.,4.0,3.0,4.0,4.0,4.0
ab26a4590e5324f68ad40aa176cd4ad8,"Customer: If I have the driver phone I was issued a couple years ago, can I retu","Customer: If I have the driver phone I was issued a couple years ago, can I return it &amp; get my deposits credited back to my acct?
Support: We're happy to help, Chris. Please send us a note at https://t.co/ypQRPzF1V4 so we can connect.
Customer: Awesome, thanks!",,lost_item,auto-handle,lost_item,Human audited: verified evidence groundedness and escalation safety.,5.0,4.0,3.0,3.0,4.0
8f809d7dd226f8d3280b7cfbfe0b009a,Customer: Vry disapntd wid #UberEATS...order status delvrd bt food nt delvrd_mon,"Customer: Vry disapntd wid #UberEATS...order status delvrd bt food nt delvrd_money lost_Cust care no help.. @115877 u lost 1 of ur loyal custmrs. https://t.co/PFdEdftTDF
Support: We're sorry to hear this. Can you please send us a DM with your email address so we can look into this?
Customer: Done. Sent
Support: Hi, Bhavik! We see your outreach and a member of our team will be following up via email as soon as possible. We appreciate your patience.
Customer: Quick to rep here bt nt even close to solvng d issue_unless u have nythng concrete to help, don't leave a std msg to show u care wch u don't",,lost_item,auto-handle,lost_item,Human audited: verified evidence groundedness and escalation safety.,5.0,4.0,4.0,4.0,4.0
2aa62a98aab253cd180f6d17b88f2f28,Customer: I lost my clothes in the Uber. Can you guys help me find it？@115873,"Customer: I lost my clothes in the Uber. Can you guys help me find it？@115873
Support: We're here to help! Send us a note at https://t.co/rOtqyWzf0B so we can assist.",,lost_item,auto-handle,lost_item,Human audited: verified evidence groundedness and escalation safety.,5.0,4.0,4.0,4.0,3.0
e9e66eb2598a34564ca0287b9646f08b,Customer: so mfs really gotta pay a fee to get a lost item returned? Y'all smoki,"Customer: so mfs really gotta pay a fee to get a lost item returned? Y'all smoking good meth
Support: Here to help! Please send us a DM with your email address so we can follow up.",,lost_item,auto-handle,lost_item,Human audited: verified evidence groundedness and escalation safety.,5.0,4.0,4.0,4.0,5.0
f39f6f2a602a2a66f9331040de777cf1,Customer: HELP. I️ LEFT MY PHONE IN MY @115873 AND HAVE NO WAY OF CONTACTING THE,"Customer: HELP. I️ LEFT MY PHONE IN MY @115873 AND HAVE NO WAY OF CONTACTING THE DRIVER
Support: Here to help. Send us a note at https://t.co/oY5vj3NqP3 so our team can connect.",,lost_item,auto-handle,lost_item,Human audited: verified evidence groundedness and escalation safety.,5.0,4.0,3.0,3.0,4.0
f5c560dc3efe78d78d030df1a127a24d,Customer: your app has broken in London due to the Krispy Kreme promotion. Why a,"Customer: your app has broken in London due to the Krispy Kreme promotion. Why are you so shit? https://t.co/7Zd1cvT7A2
Support: We've been overwhelmed by demand! Keep trying, and we hope to get to you ASAP.
Customer: Nope it’s a shambles like your Paul promotion last time. Sadly you’ve lost my office staff custom so goodbye uber eats hello all my business to Deliveroo / Amazon restaurants",,lost_item,auto-handle,lost_item,Human audited: verified evidence groundedness and escalation safety.,5.0,5.0,5.0,4.0,5.0
ca1a9670f7e9c908b88e0e742ca549d2,"Customer: - I accept 9 min wait time for #uber cab, cab doesn't show up for 21 m","Customer: - I accept 9 min wait time for #uber cab, cab doesn't show up for 21 mins, I cancel it &amp; #uber still charges me $5. Can i know why????
Support: Here to help! Send us a note via https://t.co/e8HVorX5rh so our team can connect.
Customer: I have sent a note, please revert back at your earliest.
Support: Hello there! Send us a DM with your email address so we can connect.
Customer: Just sent.",,other_or_unclear,escalate,other_or_unclear,,,,,,
387dc1ee78e233c646825b16aece3385,Customer: Yr app is inaccurate. App took me to 500m from Addy entered. Inconveni,"Customer: Yr app is inaccurate. App took me to 500m from Addy entered. Inconvenient! Yr comments
Support: Here to help, Michael! Send us a note here, https://t.co/u3MyknJaaN, and our team will follow up.",,other_or_unclear,escalate,other_or_unclear,,,,,,
5de5251796c476a539f349b502100187,Customer: Can I use my Daihatsu Terios 2009 as Uber X in Panamá?,"Customer: Can I use my Daihatsu Terios 2009 as Uber X in Panamá?
Support: We're here to help! Send us a note here, https://t.co/E5CuI6xA6o and our team will be in touch.",,other_or_unclear,escalate,other_or_unclear,,,,,,
3fc2f318583e84cef1ba05b27ebac2db,Customer: Hey @115873 you should have an option for non-smoking cars so people c,"Customer: Hey @115873 you should have an option for non-smoking cars so people can choose if they want to pay to smell like an ashtray or not
Support: We're sorry to hear this was your experience. Contact us via https://t.co/aBEgvdNWQN and we'll be in touch.",,other_or_unclear,escalate,other_or_unclear,,,,,,
156cfd77a237b1a21cb65f2d8cc993d8,Customer: along with @115877 you should deliver alcohol !!!,"Customer: along with @115877 you should deliver alcohol !!!
Support: This mostly depends on local regulations, Hasso. We're always adding more options to our menu though. Stay tuned!",,other_or_unclear,escalate,other_or_unclear,,,,,,
672267502692728979d08c23b6123773,Customer: please message me back! DM'd you guys a while ago,"Customer: please message me back! DM'd you guys a while ago
Support: We've responded via DM!",,other_or_unclear,escalate,other_or_unclear,,,,,,
f50ce68ec4c130818f5d3a8aad6d9150,Customer: Every transaction has always gone through and it's frustrating that I ,"Customer: Every transaction has always gone through and it's frustrating that I now have to use another app entirely.
Support: We're here to help. Can you please send us a DM with your email address so we can connect?",,other_or_unclear,escalate,other_or_unclear,,,,,,
fc986ad06dbf9c8dc877802158847c43,Customer: why can’t I order from Chipotle or Tom Thumb????,"Customer: why can’t I order from Chipotle or Tom Thumb????
Support: Our restaurant partners have the ability to update their availability as needed. Be sure to contact them directly for a real time update.",,other_or_unclear,escalate,other_or_unclear,,,,,,
dab5519de55ac97ea46371daf2cfcdfa,Customer: why did my courier cancel my order after picking it up? 😭😤,"Customer: why did my courier cancel my order after picking it up? 😭😤
Support: Here to help. Send us a note at https://t.co/StKy7B0k57 so our team can connect.",,other_or_unclear,escalate,other_or_unclear,,,,,,
3abb3a425c3fe16f104465d1724a1acf,Customer: So it turns out @115877 on twitter cant actually help!,"Customer: So it turns out @115877 on twitter cant actually help!
Support: Hi, Saima. Our team will be following up further via in app messaging. Please keep an eye out there for us.",,other_or_unclear,escalate,other_or_unclear,,,,,,
93a68f6e553e6b718ed155e9f58d8017,Customer: Hey @115873 what’s wrong with @115877??? I’m starving and can’t order ,"Customer: Hey @115873 what’s wrong with @115877??? I’m starving and can’t order anything, https://t.co/qKFgOOPIm7
Support: We're here to help. Can you please send us a DM with your email address so we can look into this?",,other_or_unclear,escalate,other_or_unclear,,,,,,
5f305995ef152440aae7bb1d72f85ead,Customer: SCAMMED @115873 cost £83. What was supposed to be £50. He said app bro,"Customer: SCAMMED @115873 cost £83. What was supposed to be £50. He said app broke. LIES. Was watching screen and he purposly drove opposite.  (2/2)
Support: Here to help! Follow up here; https://t.co/SjsQQ8ofRq, and our team will connect right away.",,other_or_unclear,escalate,other_or_unclear,,,,,,
09eb12db96fa4687c6d749d7cf3fe15e,Customer: Dear @13644: I’ll assume you’re getting me home for free now? #areyouk,"Customer: Dear @13644: I’ll assume you’re getting me home for free now? #areyoukiddingme https://t.co/ojZWdA1imX
Support: We've replied to your message via direct message and humbly ask you to check your messages.
Customer: Thx for DM. Seems you’ve plenty of probs- incl. apology credits?

It’s cool; I’ve moved on. 😔 We’ve seen lots of 🌎 together. Best of luck!💔 https://t.co/suZfgm6nLp",,other_or_unclear,escalate,other_or_unclear,,,,,,
7b6999e8ec042365172aa61de3334b1e,"Customer: Hi. I don't have the sticker for attaching to the window of my car, Ho","Customer: Hi. I don't have the sticker for attaching to the window of my car, How Can I get it?
Support: Hello there! You can head over this link: https://t.co/pgSGjGM4Gx for the Uber decal order form.",,other_or_unclear,escalate,other_or_unclear,,,,,,
2ef91eaf0e9c67023282fc5f016b2e4e,Customer: Why does @Uber_Support iOS app allow only always or never in location ,"Customer: Why does @Uber_Support iOS app allow only always or never in location services? https://t.co/tmnsBxjOEu
Support: Happy to help! You can find out more on your inquiry here https://t.co/7ZFDVUZ3WW.
Customer: Your info is incorrect. As the image shows, the app rejects the ‘while using’ option. So to use Uber I have to let it spy on me 24/7? 😕
Support: Thanks for reaching out. We suggest uninstalling your app, then reinstalling to ensure you have the most updated version of the app.",,other_or_unclear,escalate,other_or_unclear,,,,,,
64c88dfe2e6cacc807b791a27607b205,Customer: Trying to reinstall @115873 but it says my number not associated with ,"Customer: Trying to reinstall @115873 but it says my number not associated with my email? No option to fix this? I can never get an Uber again? 🤔
Support: Here to help. Send us a note at https://t.co/Md7v036OoC so our team can connect.
Customer: Nah forget it. At x1.8, an already expensive taxi, I've deleted your app. Hopefully Manchester follows tfl",,other_or_unclear,escalate,other_or_unclear,,,,,,
359f8677f0f1fbe6b7c5138cd3ab5634,Customer: your customer service is terrible.  An order should not arrive 40 minu,"Customer: your customer service is terrible.  An order should not arrive 40 minutes after the expected time, but told I can't cancel
Support: We're so sorry for the trouble. Send us a note via https://t.co/jP6giifgNM so we can assist.",,other_or_unclear,escalate,other_or_unclear,,,,,,
9ddfcd41285669b5ded8251b083c387f,Customer: my uber eats is not working. Help?!,"Customer: my uber eats is not working. Help?!
Support: We've sent you a DM.",,other_or_unclear,escalate,other_or_unclear,,,,,,
d249e3fae94670842669471bf655a815,Customer: months later and still have not seen any pool passes or regular commut,"Customer: months later and still have not seen any pool passes or regular commuter passes show up in my app
Support: Let's look into this, Ruth. Please reach out via in-app Help so we can connect!",,other_or_unclear,escalate,other_or_unclear,,,,,,
4d5eb784a0a68e64349b34479e9b2772,Customer: HELP!!!,"Customer: HELP!!!
Support: We're here to help! Please send us a note via https://t.co/rOtqyWzf0B so we can connect.",,other_or_unclear,escalate,other_or_unclear,,,,,,
de6ca0b3bd35c05f4bc65e4c403a182d,Customer: the fact that ya'll don't have a number to call when your order is mes,"Customer: the fact that ya'll don't have a number to call when your order is messed up is ridiculous
Support: Hi, Kristina. We have a number for ongoing order issues: https://t.co/FKwKvTf7PW. But please DM us your email so we can get you sorted.
Customer: Done",,other_or_unclear,escalate,other_or_unclear,,,,,,
5b400b7d7504a9b54436064958825b7e,Customer: dm,"Customer: dm
Support: Hi there! Please reach out to https://t.co/zUe0dj6yoX and our team will be in touch.
Customer: thanku",,other_or_unclear,escalate,other_or_unclear,,,,,,
2ee01a040dc16e13b00381f31a9f5df2,"Customer: I just dm y’all, no response....","Customer: I just dm y’all, no response....
Support: We've replied via DM, please follow up there.",,other_or_unclear,escalate,other_or_unclear,,,,,,
8c670ef10f47c3073a6f7daadd2c1578,Customer: gave you the benefit of the doubt and tried your service again. This t,"Customer: gave you the benefit of the doubt and tried your service again. This time, wrong order. Now what?
Support: We're sorry to hear about the trouble, Keith. A member of our team has followed up with your in-app support inquiry. Please check there!",,other_or_unclear,escalate,other_or_unclear,,,,,,
4fb68ce20482c80b816708ff475bd408,"Customer: yo, could you guys please check out my DM when you got a sec. Thanks","Customer: yo, could you guys please check out my DM when you got a sec. Thanks
Support: Here to help. Send us a note at https://t.co/jjOMGm5bdz so our team can connect.",,other_or_unclear,escalate,other_or_unclear,,,,,,
5d7555e6f273e9898d72bbf50a16ce0a,"Customer: ""Please select the country where you receive your billing statement fo","Customer: ""Please select the country where you receive your billing statement for this card."" - There is no country selection box ... @115873 @Uber_Support
Support: Sorry to hear about the trouble. Please check out https://t.co/Md7v036OoC for additional assistance.",,payment_problem,escalate,payment_problem,,,,,,
1c8fdf53ba8b72ad08347fdf5e35c2df,"Customer: if I cancel an Uber that I requested I get charged a fee, if a driver ","Customer: if I cancel an Uber that I requested I get charged a fee, if a driver cancels on me shouldn't I get credit??
Support: Hi there, OJ! To learn more, please visit; https://t.co/h840Iouehc",,payment_problem,escalate,payment_problem,,,,,,
292a00d95d42236af8e242540495c07c,Customer: - My most recent trip got double charged. Driver took cash and then my,"Customer: - My most recent trip got double charged. Driver took cash and then my card was charged the same amount. Care to explain why?
Support: Happy to help! Our team is currently reviewing your email and will follow up directly.",,payment_problem,escalate,payment_problem,,,,,,
509d49f6ebdd4aab900594c18c4ebf94,Customer: I got overcharged for a cleaning fee???? Why,"Customer: I got overcharged for a cleaning fee???? Why
Support: Here to help! Send us a note here; https://t.co/a6RfeBkKmr and our team will be able to help.",,payment_problem,escalate,payment_problem,,,,,,
0a02efa28a78402c1c50322970cc2728,Customer: I travelled using uber and your driver asked me to pay the toll and pa,"Customer: I travelled using uber and your driver asked me to pay the toll and parking fee. I was showed the estimate which did not include these fee. Final receipt was charged included the parking and toll I already paid.. Now your team just responds that they can't help.
Support: Sorry to hear about that! Send us a DM (direct message) with your email address so we can follow up.
Customer: I have not seen anyone contacting me yet.. Is this the speed at which you guys react..
Support: Sorry to hear about the trouble. Our team has received your information and will be following up with you shortly!
Customer: It is 2 more days and no contact. You service is pathetic. You guys are bloody thieves.. don't even care to give a support number. Screw u guys., U guys come up with new ideas and this is to now steal money..
Support: Hey, Dharmendra. One of our team members reached out to you via in app support. You can find this under the ""help"" section of the app or in your email (check spam/junk folders) as well. Please follow up there.",,payment_problem,escalate,payment_problem,,,,,,
a9a5effda034edb3d736e8842d2c4bb4,Customer: why uber has an excuse on system failure always. Collected amount does,"Customer: why uber has an excuse on system failure always. Collected amount doesn’tmatch with fare. You collect more and blaming system failure.
Support: Here to help. Send us a note at https://t.co/oEOANqFpjc so our team can connect.
Customer: Sent note",,payment_problem,escalate,payment_problem,,,,,,
c8c91641d890f03b0378c9b2cc097399,"Customer: Hey @Uber_Support I ordered ubereats and it doubled my order, charged ","Customer: Hey @Uber_Support I ordered ubereats and it doubled my order, charged me for both, including 2 delivery charges, &amp; didnt tell me til arrival
Support: We've followed up within your Direct Messages, Kyle!",,payment_problem,escalate,payment_problem,,,,,,
4dc14b9f48f0971750f993ad61e24aee,Customer: so why is my under 10 mile ride supposedly now over $25?,"Customer: so why is my under 10 mile ride supposedly now over $25?
Customer: And the price keeps on climbing every time I re enter my destination?
Support: We can always review a request for you. Please send a quick note to https://t.co/zUe0dj6yoX so we can follow up with you.",,payment_problem,escalate,payment_problem,,,,,,
7edc78b6c1e2c8b417592ecc95e3fe23,Customer: i have 2 issues with my ride today. https://t.co/lGa8sJQN34 code of 75,"Customer: i have 2 issues with my ride today. https://t.co/lGa8sJQN34 code of 75rs off didnt apply after i made payment via UPI. 2. I have completed my payment and it got deducted but still app says payment pending.
Support: We're here to help! Please send us a note via https://t.co/2qNW2wZ8Mg so we can assist.",,payment_problem,escalate,payment_problem,,,,,,
8889a559d38071916ff44a3de459d4c1,Customer: I wonder if @1582 can track down the last person I met in New Orleans ,"Customer: I wonder if @1582 can track down the last person I met in New Orleans on September 25.
Customer: I like to send him a thank you card.
Support: Please connect with us at https://t.co/qHI8xcWfiW so we can follow up.",,payment_problem,escalate,payment_problem,,,,,,
407c087fd43ca1eff95350c93a17461b,Customer: I had to cancel a ride the other day after the “grace period” and was ,"Customer: I had to cancel a ride the other day after the “grace period” and was charged $5 which I understand is the policy. However it shows the full ride cost of $18 taken from my account, why is this?
Support: Here to help. Send us a note at https://t.co/1xM0TILvAI so our team can connect.",,payment_problem,escalate,payment_problem,,,,,,
05e2436f1a94ef246416e54575659b1b,Customer: This uber Driver has too much cologne on and it’s making me nauseous. ,"Customer: This uber Driver has too much cologne on and it’s making me nauseous. Also still haven’t heard why my gift card won’t work @115873
Support: Sorry to hear about the trouble! Go ahead and DM us your Uber account email address, and we can follow up on your support outreach.
Support: We're here to help! Send us a DM with your email address so we can connect.
Customer: Done. Thank you.
Support: We have followed up via DM.
Customer: Thank you.",,payment_problem,escalate,payment_problem,,,,,,
a59e4ccb66a0e58b545c9e54a0b87d4e,Customer: I have had over 5 responses to my question from @Uber_Support and @115,"Customer: I have had over 5 responses to my question from @Uber_Support and @115873 and they keep avoiding my question to why we are all standing in the same place at the same time with NO surging and I always have a much higher price then those around me going to the same exact place.
Support: Hi, we have located your support inquiry and a member of our team will follow up with there as soon as possible. Thank you for your patience and understanding.",,payment_problem,escalate,payment_problem,,,,,,
17d8c9a4339cc1c153c6eedfbb2ff911,Customer: why won't your app accept payments? you fucking piece of shit!,"Customer: why won't your app accept payments? you fucking piece of shit!
Support: We're so sorry for the trouble. Send us a note via https://t.co/yqIhbGRNqi so we can assist.
Customer: A vote? Fuck off you fraudulent cunts",,payment_problem,escalate,payment_problem,,,,,,
10d4a979b7ed350ff4227f27fb344f79,"Customer: . @144886 he literally did not even drive with me in his car, still go","Customer: . @144886 he literally did not even drive with me in his car, still got charged. This is not okay and your website is not helpful
Support: Definitely not OK, Abeer! You shouldn't have to pay for that. Please send us a DM with your information so we can adjust the charge for you.",,payment_problem,escalate,payment_problem,,,,,,
05138b034e79dd62f5424343a585808d,Customer: Anyone have any idea why I can't get the Uber app to scan my card. Bee,"Customer: Anyone have any idea why I can't get the Uber app to scan my card. Been holding it in front of my camera for 20 minutes
Support: Hi there! We're here to help. Send us a DM with your email address and more details so we can follow up.
Customer: Sent a dm
Support: Appreciate you letting us know. We're currently reviewing this situation and we'll be in touch with you via DM shortly.",,payment_problem,escalate,payment_problem,,,,,,
d7810ef127471c698e1c054997bdc65b,Customer: Oh FFS @118730 your shitty system just totally FUCKED me,"Customer: Oh FFS @118730 your shitty system just totally FUCKED me
Customer: Keeps telling me it's already there but that one WONT WORK and now I'm late for a doc appt and I'm sitting in a CO-OP cab. Not impressed
Support: We're happy to take a look! Please drop us a note at https://t.co/hr88X1ZGuG so we can follow up with your payment inquiry.",,payment_problem,escalate,payment_problem,,,,,,
b7445af942e0cafce40d96a33a7af6a8,Customer: @Uber_Support you people have genuine problems in looting people even ,"Customer: @Uber_Support you people have genuine problems in looting people even today I have paid 47 and I don't see anything reflecting here https://t.co/fKf8JwvTr4
Customer: @Uber_Support Pymt Youra/c 576778 is debited INR47.25 on 11-10-2017 20:52:32 Info: PUR/ZES*UBERINDIA SYSTEMS/NEW DELHI/ZES*UBER INDIASYSTEMS/Seq No499326
Customer: @Uber_Support If payment is done how come 47 is reflecting on your application.. PATHETIC APP !!!
Support: Looks like our team has connected with you via our in app support a few moments ago. Please follow up there if you have any questions.",,payment_problem,escalate,payment_problem,,,,,,
c25ae7dd69c2bb54c42bcc0ad7ffdff7,Customer: is it regular to see $0 braintree charges on credit cards due to uber',"Customer: is it regular to see $0 braintree charges on credit cards due to uber's use of braintree?
Support: Here to help. Send us a note at https://t.co/zUe0dj6yoX so our team can connect.",,payment_problem,escalate,payment_problem,,,,,,
997a684ee268ea999b4f574b52328c7c,Customer: wow NOT impressed with how you are handling my issue right now. I was ,"Customer: wow NOT impressed with how you are handling my issue right now. I was charged a fee I should not have been charged. I can easily switch to Lyft...
Support: Here to help. Send us a note at https://t.co/wW2bTlNcsR so our team can connect.",,payment_problem,escalate,payment_problem,,,,,,
eb1072f086770066e54e0986b80ee2ec,Customer: how come my app doesn’t accept my debit but it accepts my credit card?,"Customer: how come my app doesn’t accept my debit but it accepts my credit card?
Support: Here to help! Contact us via https://t.co/yqIhbGRNqi so we can connect.",,payment_problem,escalate,payment_problem,,,,,,
4b5a7dddb03ae4fd58caf6cdfccae257,Customer: Can we get a full time momentum section on the uber driver app in Aust,"Customer: Can we get a full time momentum section on the uber driver app in Australia because right now the card keeps getting me to do a survey and it doesn't go away even after I do it. I can't access my momentum card.
Support: Thanks for reaching out. We'll get this sorted out! Please send us a note through https://t.co/ILb6VgllH9 so we can help.This will allow the appropriate team to receive your report and reply to it as soon as possible.",,payment_problem,escalate,payment_problem,,,,,,
359f3d11f5334777a50860b2c389aa09,Customer: need your help please- suspicious credit card transactions on my accou,"Customer: need your help please- suspicious credit card transactions on my account, coming from uber but I haven’t taken a ride?
Support: Sorry to hear about the unrecognized charge, please reach out here so we can help: https://t.co/dInR3racif
Customer: Thanks a million. Have so so
Customer: *done",,payment_problem,escalate,payment_problem,,,,,,
9a9615cd3ef01aa912a320f8b12820d1,Customer: @115873 charged excessively high at the time when there is zero traffi,"Customer: @115873 charged excessively high at the time when there is zero traffic on the roads. Actual fare was double the estimated fare
Support: Here to help! Follow up here; https://t.co/6IqAxVj2X4 and our team will connect right away.
Customer: @Uber_Support @119983 Done this thrice. No reply till now. Been more than 24 hours.
Support: We're so sorry about that! Please send us a DM with your email address with details so we can connect.",,payment_problem,escalate,payment_problem,,,,,,
5e3823d67338f12385f3a1085cac24bc,"Customer: I only took one ride with an Uber last night, but my online banking sh","Customer: I only took one ride with an Uber last night, but my online banking shows I was charged for two rides. I was charged $13.76 for the ride I took and an additional $8.40. I only received an email receipt for the $13.76 ride. Can you please advise?
Support: Here to help! Send us a note via https://t.co/zJ6aIZinzb so our team can connect.",,payment_problem,escalate,payment_problem,,,,,,
7f60e5f7a327ace270eb5ea451604af9,Customer: @115873 I shifted to Bangalore from Kolkata on 8 sep. Still I am getti,"Customer: @115873 I shifted to Bangalore from Kolkata on 8 sep. Still I am getting all the coupons for Kolkata. Pls help asap
Support: Here to help. Send us a note at https://t.co/QDn91HzZV0 so our team can connect.",,promo_or_coupon,auto-handle,promo_or_coupon,,,,,,
048adf14c4a83ca8ea1bc2bcbd36d422,Customer: I can’t find my Uber eats promo code #help,"Customer: I can’t find my Uber eats promo code #help
Support: Hi, we have followed up with your DM.",,promo_or_coupon,auto-handle,promo_or_coupon,,,,,,
5a71e53ebd96a3463bcc7f54e670aa52,Customer: There’s gotta be some type of discounts for people who use Uber every ,"Customer: There’s gotta be some type of discounts for people who use Uber every day to go to and from work.
Customer: Or you guys gonna continue to suck out money from people and not offer any sort of discounts?
Support: We're testing ride passes in multiple markets, which offer significant discounts for high-use riders. More info at https://t.co/NsJAUpaHg4.",,promo_or_coupon,auto-handle,promo_or_coupon,,,,,,
878937af30c2060a2a9b21c0336c0dbf,"Customer: Uber at it again, sending invalid promo codes. @Uber_Support #OCT250PO","Customer: Uber at it again, sending invalid promo codes. @Uber_Support #OCT250POOLMNL
Support: Happy to assist, Iyjane! Please visit here: https://t.co/L2aXwAc0Tb for more on your inquiry. Hope this helps.",,promo_or_coupon,auto-handle,promo_or_coupon,,,,,,
c100853f9255f193232cc8c5d2178423,Customer: While Applying Promotional codes it is showing Invalid whereas they ar,"Customer: While Applying Promotional codes it is showing Invalid whereas they are valid https://t.co/NRUjLHdEig
Support: Here to help! Please send us a note via https://t.co/lqVgKo4ZO3 so we can connect.",,promo_or_coupon,auto-handle,promo_or_coupon,,,,,,
5e81b5b5fbc9f4aa9721a90393dac0b2,Customer: it wouldn’t let us first time uber drivers apply the $15 code. How do ,"Customer: it wouldn’t let us first time uber drivers apply the $15 code. How do we get it applied? Thank you
Support: Here to help. Send us a note at https://t.co/lqVgKo4ZO3 so our team can connect.",,promo_or_coupon,auto-handle,promo_or_coupon,,,,,,
f34ee5d08317d51cbefaeb014dc95b28,"Customer: Dear uber, kindly opt me out from promotional sms..","Customer: Dear uber, kindly opt me out from promotional sms..
Its 9041402521
Thanks
Support: Here to help! Send us a note here; https://t.co/fZct07oTgl and our team will be able to assist!
Customer: Dear team.. i just followed the link but there is option to email opt out, while i am looking for sms opt out..
Support: Hi, Robby. We've made some adjustments to your account and you will no longer receive SMS notifications. If you have any additional questions or concerns, feel free to let us know.",,promo_or_coupon,auto-handle,promo_or_coupon,,,,,,
efc7bce9bee606d0bcbb0225720cca17,Customer: @Uber_Support Thanks for the 50% off coupon…..in Seattle — I live in S,"Customer: @Uber_Support Thanks for the 50% off coupon…..in Seattle — I live in SD — useless coupon
Support: We want to look further into this, Chad! Go ahead and DM us the email linked to your Uber account &amp; the promo details so we can review.",,promo_or_coupon,auto-handle,promo_or_coupon,,,,,,
adf5bf7000bd90571cbfff986dd947ec,"Customer: I just got a verification code text I didn't request, and I have never","Customer: I just got a verification code text I didn't request, and I have never had an account with Uber. Should I be concerned?
Support: Sorry to hear about the trouble, Nick. Please DM us with a screenshot of the text you received so we can take a closer look.",,promo_or_coupon,auto-handle,promo_or_coupon,,,,,,
618db5474881b489c74ad178f0c7bd84,Customer: can I add a coupon code after my trip has ended? #uber #CustomerServic,"Customer: can I add a coupon code after my trip has ended? #uber #CustomerService
Support: Here to help! For more info, please click here: https://t.co/CSw3jYhCzc",,promo_or_coupon,auto-handle,promo_or_coupon,,,,,,
8886555fbd7c64b1bd94998ecff720fa,Customer: How do i change my currency/location back to UK? After visiting Thaila,"Customer: How do i change my currency/location back to UK? After visiting Thailand in the summer...my promos are all in Thai baht!
Support: Hey, David, credits are unable to be adjusted to another currency. Reach out if you have questions.
Customer: How do i change it? Im getting emails weekly in thai! And if i recommend a friend its in thai baht not pounds.",,promo_or_coupon,auto-handle,promo_or_coupon,,,,,,
893fd927c6b3b815318dd95928640fe3,Customer: yo I'm trying a load of promo codes but they all say I have already us,"Customer: yo I'm trying a load of promo codes but they all say I have already used them when I haven't, I just want chicken nuggets
Support: Sorry to hear about the trouble! Please send us a message at https://t.co/I7jFRbJ5yY with the details and we'll follow up.",,promo_or_coupon,auto-handle,promo_or_coupon,,,,,,
9502999261b9f5fa2e42f34a0c63a774,Customer: I can't add an Uber access vehicle option because it's a promo code an,"Customer: I can't add an Uber access vehicle option because it's a promo code and I already have one. Please help!
Support: Here to help, Amanda! Please visit here; https://t.co/LkCHtjv0c5 regarding your concern.",,promo_or_coupon,auto-handle,promo_or_coupon,,,,,,
e53b2ebb7d7333ef0f8269c2f9386c0f,Customer: i got promo code as customer when i am trying to apply same it is show,"Customer: i got promo code as customer when i am trying to apply same it is showing me invalid
Support: Hello Pawan, here to help. Send us a note at https://t.co/lqVgKo4ZO3 so our team can connect.",,promo_or_coupon,auto-handle,promo_or_coupon,,,,,,
f8c3d5f1ee09103b43de5faa614416d3,Customer: I am not able to apply any promotions on my account and i am not getti,"Customer: I am not able to apply any promotions on my account and i am not getting any proper reasoning or solutions. That’s not the way. You can not mark an issue closed without providing a solution.
#uber #ubersucks https://t.co/uLKDwRnFFW
Support: We're here to help! Send us a DM (direct message) with your email address so we can connect.
Customer: I have sent a DM with few screenshots. Please provide a solution
Support: We've responded to your DM.",,promo_or_coupon,auto-handle,promo_or_coupon,,,,,,
ba66eb21836e0fbd6dba3ff0d045c034,"Customer: Hey @115877, I just made an order with a promo code your system accept","Customer: Hey @115877, I just made an order with a promo code your system accepted but did not apply! I should have $10 off on this. Can you help?
Support: We're here to help! Send us a DM with your email address so we can assist.
Customer: Are you though? It's been 30min and nobody answered back. The order is not even on its way.. what a letdown.
Support: We have followed up via DM.
Customer: @Uber_Support Settings/Apps/UberEats/RemoveApp 

You will know true joy then;)",,promo_or_coupon,auto-handle,promo_or_coupon,,,,,,
d62e9033d2ff15117c19e3a253c0cf39,Customer: I tried that Winc promotion but have not received a $20 promotion from,"Customer: I tried that Winc promotion but have not received a $20 promotion from UberEats yet within the 24hr window
Support: Here to help. Send us a note at https://t.co/iMxFJdr4fj so our team can connect.",,promo_or_coupon,auto-handle,promo_or_coupon,,,,,,
b9d94a9cbcd84d00203db98c39d91331,Customer: what kind of people get free rides? I spend almost R1500 a month on yo,"Customer: what kind of people get free rides? I spend almost R1500 a month on you but no discounts or freebies. Hai
Support: Here to help! Find out more info about earning a free ride here; https://t.co/FQNTfKa7k0",,promo_or_coupon,auto-handle,promo_or_coupon,,,,,,
cacf82337429433de988c90e288c8a78,Customer: I keep getting an SMS with a code asking me to confirm my number. I ha,"Customer: I keep getting an SMS with a code asking me to confirm my number. I have never used Uber! Please help
Support: Here to help! Send us a note here, https://t.co/kGIXas5Cxg, and our team will follow up.
Customer: Thanks :)",,promo_or_coupon,auto-handle,promo_or_coupon,,,,,,
5f90a182d92f0a55100bbc8a2a34e83a,Customer: Whenever I get any promo messages I get for pune although I have Kolka,"Customer: Whenever I get any promo messages I get for pune although I have Kolkata Vodafone Number and I have relocated from Pune.Please rectify this ASAP.
Support: Here to help, Soham. Contact us through https://t.co/balq3Eyso6 so we can assist you.",,promo_or_coupon,auto-handle,promo_or_coupon,,,,,,
30c2d0045de6c151f5c2b6594a69bb34,Customer: @Uber_Support @115873 totally ignoring my requests. No responses. Path,"Customer: @Uber_Support @115873 totally ignoring my requests. No responses. Pathetic service from your end.
Support: Hi there, Pradeep. It seems we've responded to your in-app support request. Please see the ""Help"" section of the app for our reply, thanks!
Customer: Wow..
I never could figure out how to raise the issue from the app. But you magically resolved it?
Support: Hey, Pradeep. Go ahead and double-check yout in-app support request. We've been in touch. Thank you.
Customer: Please give me the steps. My concern was that i am not able to apply coupons and i dont see any requests there
Support: Hi, Pradeep. A member of our team has been in touch via email, please check your inbox and follow up there directly.",,promo_or_coupon,auto-handle,promo_or_coupon,,,,,,
6f691232a133223f9aee8ff306904327,Customer: @115873 This is how your support team resolve queries.,"Customer: @115873 This is how your support team resolve queries.
Pathetic service !!! https://t.co/gMns3tCUN8
Customer: @115873 What are the terms and conditions will you be more specific @Uber_Support
Support: Thanks for following up. We suggest reviewing our promo terms for more info. Feel free to reply to your in-app inquiry for more assistance.",,promo_or_coupon,auto-handle,promo_or_coupon,,,,,,
b004daefcf98eb7a9cb60a6203f8ba54,Customer: Gutted the @115877 app has crashed and we can’t get the free @148768 d,"Customer: Gutted the @115877 app has crashed and we can’t get the free @148768 doughnuts 😥
Support: We're sorry, Alex, we're working hard to sort a technical issue caused by high demand. Please doughnut worry, there will still be plenty of time to order. If you're not immediately connected, do try again.
Customer: I thought the promotion ended at 6?",,promo_or_coupon,auto-handle,promo_or_coupon,,,,,,
7e5db3133cb0f3bd9ac343906a32fde0,Customer: hi,"Customer: hi
Customer: How can i subscribe for offers and promo in karachi",,promo_or_coupon,auto-handle,promo_or_coupon,,,,,,
e61189154c19e4f4c1497ba97dcb93d0,Customer: Huge balls up from @115877 &amp; @148768. Lot of enraged people at wor,"Customer: Huge balls up from @115877 &amp; @148768. Lot of enraged people at work.
Support: We've been overwhelmed by demand! Supply is limited, but please keep trying.
Customer: Not at the office now, Fulham store still 'closed'. Shame your system wasn't prepared for this considering this is to be expected.
Support: We're so sorry you didn’t get your free Original Glazed Dozen box. Demand was through the roof and stocks ran out! Stay tuned for more fun promotions soon!",,promo_or_coupon,auto-handle,promo_or_coupon,,,,,,
57d09574ec8519824e85bb92129d1a90,Customer: https://t.co/zCEmXqH4pk,"Customer: https://t.co/zCEmXqH4pk
https://t.co/6sRhHZsIuQ
@115873 
On 2-11-17 at 5.14 p.m. the driver cancelled the pick up, then why am I being asked to pay Rs. 42. Pls cancel it urgently
Support: Hi there! Please send us a DM (Direct Message) with your email address associated with your Uber account so our team can connect right away.",,refund_request,escalate,refund_request,,,,,,
1c12654a9c629a2b71e2fd26b50fe854,Customer: Ripped off while traveling to India.  Airport toll charged by Uber and,"Customer: Ripped off while traveling to India.  Airport toll charged by Uber and also demanded in cash by Uber driver.  Can I get my 200 INR (US$3) refunded?
Support: We've followed up with you via DM, be on the look out for our response.",,refund_request,escalate,refund_request,,,,,,
c58b3410a96aa1622f370639e24cac61,Customer: contacted you for refund for unprofessional behaviour of driver and al,"Customer: contacted you for refund for unprofessional behaviour of driver and all I get is an apology ?
Support: Our team has recently responded via email. Please reply there if you have additional questions.
Customer: Replied",,refund_request,escalate,refund_request,,,,,,
71854cde2a86fa528ca6449867a90f9a,Customer: Sorry it’s pouring raining outside and my Uber cancelled the trip beca,"Customer: Sorry it’s pouring raining outside and my Uber cancelled the trip because I didn’t get to his car fast enough @115873 smh
Support: Here to help! Send us a note here; https://t.co/e8HVorX5rh and our team will be able to help.",,refund_request,escalate,refund_request,,,,,,
bcb0f0f4dc289a66d2a30edf300aef30,Customer: worst service ever. The driver destroyed our order &amp; t won't refun,"Customer: worst service ever. The driver destroyed our order &amp; t won't refund the whole order. Keep ignoring my messages #ubereats
Support: Sorry to hear that, Mahika! Please DM us the email linked to your Uber account so we can look into this for you. https://t.co/sd7yH5jmbJ",,refund_request,escalate,refund_request,,,,,,
50d43679fc8d341006a0162fd51124e1,"Customer: Your driver ""Jony"" in San Francisco texted me asking where I was going","Customer: Your driver ""Jony"" in San Francisco texted me asking where I was going and canceled on me. Please let your drivers this violates your terms of service. https://t.co/1hEpjZuyL1
Support: Here to help. Send us a note at https://t.co/iOszeeHZhQ so our team can connect.",,refund_request,escalate,refund_request,,,,,,
bec0e0455646349a41b896d8d0ace1d5,"Customer: driver cancelled and I get charged, terrible customer service @115873!","Customer: driver cancelled and I get charged, terrible customer service @115873!!!!!
Support: Sorry to hear about that! Can you please contact us via https://t.co/h840Iouehc so our team can connect.",,refund_request,escalate,refund_request,,,,,,
2c1a068ed0ee45c96489afee6e0c05b4,Customer: Wtf is going on with @Uber_Support ? I️ scheduled dinner delivery and ,"Customer: Wtf is going on with @Uber_Support ? I️ scheduled dinner delivery and it said they couldn’t deliver, I️ asked them to ensure the order would be cancelled. It’s now going to be sent to me but uh... I’m out for dinner now.
Support: We're sorry to hear this. Can you please send us a DM with your email address so we can look into this?",,refund_request,escalate,refund_request,,,,,,
6a4a97abb2f8e05466fac055741f35d3,Customer: shocking service this morning. Waited over an hour for an order to jus,"Customer: shocking service this morning. Waited over an hour for an order to just be cancelled for no reason. Nowhere to complain and no info on your website. Wonder why you don’t want us to be able to get in touch.. #UberEATS
Support: We're here to help! Send us a note here, https://t.co/EGiaYE5JMU and so our team will assist.",,refund_request,escalate,refund_request,,,,,,
33e61b6e1943540755ba856295a66e3d,Customer: I requested an Uber and noticed my Uber kept going all over town inste,"Customer: I requested an Uber and noticed my Uber kept going all over town instead of heading my way. Then when I canceled it I was charged $5.00 I don’t believe this is fair since it was suppose to take him only 5 min to pick me up initially but ended up being over 30minutes
Support: Here to help! Follow up here - https://t.co/e8HVorX5rh and our team will connect right away.",,refund_request,escalate,refund_request,,,,,,
d48f41d427a9e1bc623d7b573b8d0728,Customer: my uber was cancelled twice by the driver and I've been charged for th,"Customer: my uber was cancelled twice by the driver and I've been charged for this, with a hold of £34 on my account!!! Please look into this #complaint
Support: Sorry for the trouble! Send us a note here: https://t.co/1xM0TILvAI and our team will be in touch.
Customer: Thanks! Note sent
Support: We're currently reviewing your email and will be in touch shortly. We appreciate your patience!",,refund_request,escalate,refund_request,,,,,,
76f82869ee6f77a52574c44b1acfa88f,"Customer: I just had a $53 gift card on my account, i took an $18 ride and now i","Customer: I just had a $53 gift card on my account, i took an $18 ride and now its gone. I need my money back or i will dispute the charge
Support: Hi, Em. Please reach out to us using the link at the bottom of this page: https://t.co/hwAiYDki1e and a member of our team will follow up!",,refund_request,escalate,refund_request,,,,,,
60c444c0b05ed50b3853b30308096284,"Customer: @Uber_Support so my driver decided to ignore all my calls, went from 2","Customer: @Uber_Support so my driver decided to ignore all my calls, went from 2 min away to 10 min away and cancelled 15 minutes later https://t.co/3cCNT6hPOE
Support: Sorry to hear about the trouble. Please connect with us at https://t.co/593jusCquh and we'll be happy to follow up.",,refund_request,escalate,refund_request,,,,,,
96726232299a65ce2ac60b5ddcc5b111,Customer: @Uber_Support Really poor service. Had booked a cab on 5-Nov-17. But b,"Customer: @Uber_Support Really poor service. Had booked a cab on 5-Nov-17. But booking was cancelled 3 times by cab driver.
Support: Sorry for the trouble! Send us a note here, https://t.co/e8HVorX5rh, and our team will be in touch.",,refund_request,escalate,refund_request,,,,,,
a1ef212b11c31e53e1c0bfbec661f7f7,Customer: Once again please help. I feel like the person who is corresponding wi,"Customer: Once again please help. I feel like the person who is corresponding with me is speaking Wingdings and I'm speaking English
Support: Happy to help! Our team is currently reviewing your email and will follow up directly.
Customer: And thank you in advance for trying to provide a humanized non copy paste response. It's so incredibly frustrating right now.
Customer: Everyone talking about refunds. don't care. Care about a ride I NEVER took allowed to rate me. Ride wasn't cancelled should be no rating
Support: Looks like we've followed up, Jon. Please be sure to keep an eye out for our response and reach out via DM with any further questions.",,refund_request,escalate,refund_request,,,,,,
0a4c9330f7ff35952cceffa0631eabee,Customer: .@Uber_Support why can't I delete my account? I have tried several tim,"Customer: .@Uber_Support why can't I delete my account? I have tried several times over multiple days and each time an error message. I need to delete my information and the account.
Support: Simply visit: https://t.co/T9QCqACqox and our team will be able to assist!
Customer: Canceled my subscription due to poor company practices.",,refund_request,escalate,refund_request,,,,,,
cc103d0053b0304e9c7458b2ddbc1293,Customer: does one get a small refund when your drivers cancel the trip? Waited ,"Customer: does one get a small refund when your drivers cancel the trip? Waited 7mins and the trip got cancelled! We normally get charged for cancelling a trip 3mins after it’s booked! #daylightrobbery #getyouracttogether
Support: Hi there! Please send us a note at https://t.co/QsI1vsvcif and we'll be happy to look into this for you.",,refund_request,escalate,refund_request,,,,,,
1a81f265c067c3ca996671b8bc1526d7,"Customer: WHERE IS MY FOOD???? Ordered at 20:01, you stated 20-30 mins delivery?","Customer: WHERE IS MY FOOD???? Ordered at 20:01, you stated 20-30 mins delivery??? https://t.co/UU51Fpdkrp
Support: Here to help! Contact us via https://t.co/jP6giifgNM so we can connect.
Customer: Order cancelled now. Second bad experience from @115877 in past weeks. App now deleted... @2350 Much better",,refund_request,escalate,refund_request,,,,,,
bb41fc07d575f68abb94a4d56fb483de,Customer: Just got pulled over cause the Uber was driving wild but me &amp; my n,"Customer: Just got pulled over cause the Uber was driving wild but me &amp; my niggas got searched &amp; they went thru our shit illegally smh ...
Support: We take this very seriously. Please send us a DM with your email address so we can connect ASAP.
Support: We've responded to your DM.
Customer: @384161 My account has been closed and has not been opened again @115873
Customer: @384161 __email__
Customer: @384161 You never take it seriously because you are evils!
Customer: @384161 You don't take it seriously. You take it selfishly. Death threat over artificial intelligence let's talk quasi! https://t.co/XaWqs3wc2T
Customer: What kind of drivers do you guys employ?! 😡😡
Customer: I wish you'd respond to that death threat and artificial intelligence E8 quasicrystal
Customer: Uber driver won't pick me up but won't cancel I'm not getting charged
Customer: About 4 miles both ways 8 Total carring a grown man and a child . Piece of shit ruined the night. And still charged us
Customer: Walk
Customer: A 63 yr old across bridge  come back and pick up my son . Waiting on him .he would never cancel but said he couldn't pick me up. So I had to
Customer: How bout fuck you took my money left me stranded down town with my handicap uncle . Y'all canceled me charged me . Then I had to carry
Customer: Please respond to me dm
Support: Let's take a look. Connect with us via the following link so we can review your inquiry further:  https://t.co/ILb6VgllH9
Support: Here to help, Matthew! Send us a DM with your email address with more info so we can assist.
Customer: @Uber_Support Ones that threaten decapitation!
Support: Happy to take a closer look. Connect with us through https://t.co/e8HVorX5rh and we'll be in touch.
Support: Can you DM us your email address associated with your Uber account so we can follow up?
Support: Can you DM us your email address associated with your Uber account so we can follow up? https://t.co/sd7yH5jmbJ
Customer: It’s all good just don’t like how UBER drivers let that kind of shit happen
Customer: How bout refund my money and ask driver to cancel when he's the one that canceled I done walked and carried my uncle . Want my money back
Support: We're here to help! Send us a DM with your email address so we can assist.",,refund_request,escalate,refund_request,,,,,,
7a79d0118e499b6a367036e1336732cc,Customer: Hi @115877 - the Consumer Rights Act applies to food. I am entitled to,"Customer: Hi @115877 - the Consumer Rights Act applies to food. I am entitled to a refund for inedible food. Please respect your legal obligations
Support: Our team has followed up via email. Please be sure to check your inbox for our reply.",,refund_request,escalate,refund_request,,,,,,
b9384bd7d6b23cb971e3427b25f3e3bd,Customer: worst service food was missing and charged me twice without a refund d,"Customer: worst service food was missing and charged me twice without a refund day light robbery
Support: We're here to help! Please send us a DM with your email address so our team can connect right away.",,refund_request,escalate,refund_request,,,,,,
db7cb2533f7f8ed6c55dbb8435e9eaed,Customer: I don't want credit for a cancellation fee when a driver can't be both,"Customer: I don't want credit for a cancellation fee when a driver can't be bothered to meet at the pick up location. Can I just have my money back please?
Support: Here to help! Send us a note via https://t.co/OhfgxSAY58 so our team can get in touch.
Customer: Thanks for a very swift resolution!",,refund_request,escalate,refund_request,,,,,,
90c3798ea1d09ed19b6089242e9b6f5b,Customer: Just cancelled my @115873 as after 10 minutes the car wasn't moving...,"Customer: Just cancelled my @115873 as after 10 minutes the car wasn't moving.... And I was billed 6 euro? Doesn't seem fair?
Support: We can take a look! Send us a note via https://t.co/h840Iouehc so our team can get in touch.",,refund_request,escalate,refund_request,,,,,,
3a81595590461d9c3fdac9a4259bf9d3,Customer: was charged for a ride I didn’t have - was in another Uber at the exac,"Customer: was charged for a ride I didn’t have - was in another Uber at the exact same time... no option to request this type of refund
Support: We're here to help! Please send us a note here; https://t.co/1xM0TILvAI so our team can assist.",,refund_request,escalate,refund_request,,,,,,
7984c86ee5f67a6533cc2e64c09e009f,Customer: How long does I.T take for Uber to refund after you cancelled because ,"Customer: How long does I.T take for Uber to refund after you cancelled because IT has been over 3 days and I have yet to receive it @Uber_Support @115873
Support: We can definitely take a look. Send us a DM with your email address so we can follow up.",,refund_request,escalate,refund_request,,,,,,
f0499fea717305ae59928be1e441737a,"Customer: Response from @115873 / @Uber_Support. No apology, no recognition that","Customer: Response from @115873 / @Uber_Support. No apology, no recognition that I was in a demonstrably unsafe situation.
Support: We're sorry to hear this was your experience. Send us a DM with your email address and we'll connect.",,safety_or_driver_conduct,escalate,safety_or_driver_conduct,,,,,,
5b2ab4712314bd7c0ae2ea1ad4f3bc08,Customer: I am being harassed by another Uber partner that I think is breaking p,"Customer: I am being harassed by another Uber partner that I think is breaking policy and I said so. Who can I contact to clarify?
Support: Hi, Elizabeth. We see your message via in-app support. We'll be in touch as soon as possible to get a closer look!
Customer: Was that going to be today they responded? Response times for in app help went from reasonable to obsurd. 8 hours
Customer: Thank you.
Support: Hey Elizabeth, our team has reached out so please check your partner app under the 'Help' section or email to see our response.
Customer: Yes after 10 hours they responded. I asked my question 4 hours ago. Thank goodness it wasn't an emergency",,safety_or_driver_conduct,escalate,safety_or_driver_conduct,,,,,,
4c3e022863ea82990c733abeced3dd04,Customer: That time I got verbally assaulted by my @115877 driver. And he knows ,"Customer: That time I got verbally assaulted by my @115877 driver. And he knows where I live. Fun. #lostmyappetite
Customer: @115877 Oh no! What was his reasoning?
Customer: @115877 That I asked him to ‘deliver to door’ and my concierge wasn’t there to let him in. He also threw in that he makes more money than me 🙄😭😩
Support: We absolutely want to follow up right away. Please send us a DM with your email address so we can connect.",,safety_or_driver_conduct,escalate,safety_or_driver_conduct,,,,,,
87a69e518e8a13f08c64128cab161225,Customer: I have just complained to your support service about a horrendous taxi,"Customer: I have just complained to your support service about a horrendous taxi drive. There response suggested me feeling unsafe had no monetary value. I wish to take this issue further who can I contact? https://t.co/y4z1mikjFq
Support: We're here to help! Send us a DM of your email address so we can follow up.",,safety_or_driver_conduct,escalate,safety_or_driver_conduct,,,,,,
ee8448d116494327006d22db98f46dc3,Customer: Unsatisfactory response from @115873  regarding a driver eating and dr,"Customer: Unsatisfactory response from @115873  regarding a driver eating and driving. Unacceptable customer service response to a serious issue
Support: Happy to take a second look, Jenna. Please DM us your account email and we'll follow up. Thanks!
Customer: @115873 What was the response
Customer: @115873 They are not acknowledging that there driver was unsafe, only that the pick up took longer than anticipated
Support: To avoid further confusion we'll be following up any further questions or concerns you may have through in-app support.",,safety_or_driver_conduct,escalate,safety_or_driver_conduct,,,,,,
f49759d8b4c466810d3beaae455df049,Customer: Driver just assaulted me and it's my fault. Uber your are liars. What ,"Customer: Driver just assaulted me and it's my fault. Uber your are liars. What a shame
Support: We take this very seriously. Please send us a DM with your email address so we can connect ASAP.",,safety_or_driver_conduct,escalate,safety_or_driver_conduct,,,,,,
596a474cf5a82211f9c696f139908e16,"Customer: @115873 had booked a pool for Rs. 99, was charged 293 on completion. H","Customer: @115873 had booked a pool for Rs. 99, was charged 293 on completion. Highly absurd, unprofessional &amp; consumer harassment.
Support: We're here to help! Our team is reviewing your email now and will be in touch. We appreciate your patience.",,safety_or_driver_conduct,escalate,safety_or_driver_conduct,,,,,,
61aa550c8db001081d2a0969369032f7,"Customer: can you guys tell me why I received this message, curiously, after I d","Customer: can you guys tell me why I received this message, curiously, after I denounce the dangerous direction of a driver? https://t.co/HozpAbKIP6
Support: We can certainly review this for you, Jessica. Please follow up with that thread so we can gather more information for you. Thank you.
Customer: Ok! Thank you!",,safety_or_driver_conduct,escalate,safety_or_driver_conduct,,,,,,
6f7f7464ae40dac168ed93e68a92dc3a,Customer: Just had the worst @115873 driver ever 😭😭😭he made me feel unsafe and t,"Customer: Just had the worst @115873 driver ever 😭😭😭he made me feel unsafe and threatened by his aggressive nature 😭😭😭
Support: We take this very seriously. Can you please send us a DM with your email address and additional details so we can connect?
Customer: Thank you - first time this has ever happened!
Support: Hi, Nicole. We see your DM and will follow up there shortly!",,safety_or_driver_conduct,escalate,safety_or_driver_conduct,,,,,,
f3ed052ae7677232898db2b0afa8f770,Customer: WHAT THE FUCK! Sexual assault  by an @115873 driver ?!?! Get your shit,"Customer: WHAT THE FUCK! Sexual assault  by an @115873 driver ?!?! Get your shit together guys bc you keep hiring fucking creeps....I'll never use uber
Support: We take this very seriously. Please send us a DM with your email address so we can connect ASAP.",,safety_or_driver_conduct,escalate,safety_or_driver_conduct,,,,,,
9498eb9d8a017ab99ee22ee788a9def1,Customer: what is your protocol when a driver refuses to return property left in,"Customer: what is your protocol when a driver refuses to return property left in car? Scam Artist alert being done to my client Best Selling Author @95632. Someone needs to call her immediately.
Support: Due to our privacy policy, we will have to speak directly to the account holder. Please have them contact us via https://t.co/rOtqyWzf0B
Customer: Look up her name she’s called police Driver is a lunatic. Best you make her a priority here.
Customer: Is it your policy to have your drivers request $150 cash to return product and intimidate. Again look up her now he is threatening her.
Support: Thanks for reaching out. We definitely take this very serious. If the account holder has already reached to us then we will be getting back to them as soon as possible.
Customer: Thanks to security at @134608 for being there when your Uber Driver just scammed my client and I was witness out of $100 to get property back. Unacceptable. She just sent you another email and via app as he verbally was aggressive.
Customer: @703590 Horse. Shit. You don’t care about passengers @Uber_Support
Customer: @Uber_Support @134608 Omg ...I use uber a lot , safely but I also hear these horrible stories abt drivers...sorry for your friend Matt.....
Customer: @Uber_Support @134608 Ty so much. Absolute nightmare and Driver was not all there. Yet silence from @115873. Police report being filed so someone takes notice.
Customer: @Uber_Support @134608 @115873 So wrong, ....@115873 step up and fix this",,safety_or_driver_conduct,escalate,safety_or_driver_conduct,,,,,,
bbc48ba1f4d0098d08011f64329193f8,"Customer: Enter @115873 with boyfriend. Driver says: ""The Knicks lost, those fag","Customer: Enter @115873 with boyfriend. Driver says: ""The Knicks lost, those faggots."" Great feeling of comfort and security right of the bat, thanks @Uber_Support!
Support: We take this very seriously. Please send us a DM with your email address so we can connect ASAP.
Customer: @686250 Really? In all of the world? Cause in Costa Rica on Saturday you guys suspended the account of a customer because the driver reported he kissed a boy in an Uber, while reports of sexual harassment from clients only make the driver disappear from the one who did the report.",,safety_or_driver_conduct,escalate,safety_or_driver_conduct,,,,,,
ccf231841c24fcc29eb62daf69680aeb,Customer: Just had a dude threaten to murder me bc he tried to cut me off and al,"Customer: Just had a dude threaten to murder me bc he tried to cut me off and almost hit me lmao, its okay tho bc he is an @115873 driver and i got his liscense plate, lmao do i try to get this fool fired
Support: We absolutely want to follow up right away. Please send us a DM with your email address so we can connect.",,safety_or_driver_conduct,escalate,safety_or_driver_conduct,,,,,,
5d5994f941c25d408a710a10b2cfb05f,Customer: How do estimates exceeding $800 in damages done by rider and friends d,"Customer: How do estimates exceeding $800 in damages done by rider and friends during assault equate to a $100 ""inconvenience fee""? 🚗
Support: We're here to connect. Please DM us the email on your account and we'll be in touch shortly.",,safety_or_driver_conduct,escalate,safety_or_driver_conduct,,,,,,
c6e7ff949f94a9a3e82add38bce0e609,Customer: uber cab driver gave death threat and abused me and my sister. Please ,"Customer: uber cab driver gave death threat and abused me and my sister. Please take action against cab driver and m filing fir also
Support: We absolutely want to follow up right away. Please send us a DM with your email address so we can connect.
Customer: I have sent u DM please check ASAP
Support: Thanks! We will follow up in a DM.",,safety_or_driver_conduct,escalate,safety_or_driver_conduct,,,,,,
9747cee53d19b811aca80cd7e5bb5f88,Customer: I've never felt more unsafe in my life traveling than by my @13644 ton,"Customer: I've never felt more unsafe in my life traveling than by my @13644 tonight. And it's not fully the drivers fault.
Support: Our team is reviewing your email now and will be in touch. We appreciate your patience.",,safety_or_driver_conduct,escalate,safety_or_driver_conduct,,,,,,
fced52a01cfb9525322f96dc09f96552,Customer: one of your drivers just threatened to disable my son's family account,"Customer: one of your drivers just threatened to disable my son's family account. He has this account for safe trans.  I have screen shots of the communication. Since there's no customer care number on your website I'm hoping this message will get a reply. Pls DM4contactInfo
Support: We absolutely want to follow up right away. Please send us a DM with your email address so we can connect.
Customer: I've messaged you my contact info. I look forward to discussing this with you.
Support: We're here to help! We just sent you a DM.",,safety_or_driver_conduct,escalate,safety_or_driver_conduct,,,,,,
f8e6afff1aa74382f8d0603eb3c1324c,Customer: so why is it so hard to report one of your dangerous drivers??? @TfL m,"Customer: so why is it so hard to report one of your dangerous drivers??? @TfL may have been right...
Support: That's not what we like to hear, Temara. Contact us via https://t.co/yfZfahBCoB so we can follow up immediately.",,safety_or_driver_conduct,escalate,safety_or_driver_conduct,,,,,,
e51ca62400ed819433bcd7b5eda7fe78,Customer: - you guys need to add more regulation to prevent this from happening.,"Customer: - you guys need to add more regulation to prevent this from happening. This is nothing short of dangerous. The driver couldn't see out the window properly! https://t.co/KhhqFJsoZe
Support: We're sorry to hear this was your experience. Contact us via https://t.co/IeSxT5cVHC and we'll be in touch.",,safety_or_driver_conduct,escalate,safety_or_driver_conduct,,,,,,
6efa8a08bbda60325167a86478750586,Customer: one of your drivers sexually assaulted my gf &amp; I last night. We ju,"Customer: one of your drivers sexually assaulted my gf &amp; I last night. We jumped out of a moving car and haven't heard shit from @2006.
Customer: @2006 Getting $16 back isn't going to cover the trauma this caused us both. What will you really do????
Support: So sorry about the experience, Alexis. Please have the account holder follow up with us with any other questions. We'll connect from there.",,safety_or_driver_conduct,escalate,safety_or_driver_conduct,,,,,,
d54596641d0fc7bfaa711fb1d779b50e,Customer: Confirmed uber driver just now streatham vale hit a parked car while a,"Customer: Confirmed uber driver just now streatham vale hit a parked car while acepting a job on hes phone. Hes reason is these things happen im tired https://t.co/9gOvI5rvVY
Support: We take this very seriously. Please send us a DM (direct message) with your email address so we can connect ASAP.
Customer: @284642 Take this one seriously as well.Your low prices to kill the competition is killing people https://t.co/uelPlofHgA
Customer: @284642 Seriously get off the rd your dangerous Ushite
Customer: @284642 Yes of course you do you get hundreds a week so you should be good by now don't you think
Customer: @284642 You've been 'taking this very seriously' 4 a very long time, yet your drivers are getting worse. Uber, your the worse minicab company EVER!!
Customer: @Uber_Support @284642 imagine that only 4% of drivers drive for more than 1yr cuz they pay less &amp; less year after year, so good skilled drivers wont be exploited
Customer: @Uber_Support @284642 They must pay a lot to have a permanent twitter response team. I wonder who gets paid more, the drivers or the twitter-response team?
Customer: @284645 @Uber_Support @284642 Plus the Driver's don't have to be able to read or speak the language of the country they are driving in.
https://t.co/QzVYWfHJGX https://t.co/Ja0hly9LJ5
Customer: @284645 @Uber_Support @284642 Probably an AI algorithm trying to look like it cares 🐀🐀🐀",,safety_or_driver_conduct,escalate,safety_or_driver_conduct,,,,,,
bf6feccdfecaf93b671fb58d2b8932df,Customer: anyone going to respond to my 4 emails about harassment..??,"Customer: anyone going to respond to my 4 emails about harassment..??
Support: We absolutely want to follow up right away. Please send us a DM with your email address so we can connect.",,safety_or_driver_conduct,escalate,safety_or_driver_conduct,,,,,,
9b567223cada8f26e92a5223b1c7d8a8,Customer: my uber just told me he’s a drunk uber halfway through our ride? on th,"Customer: my uber just told me he’s a drunk uber halfway through our ride? on the highway? let me out sir?
Customer: get yo mans this is unsafe and i’m pissed as hell
Support: We can absolutely follow up, Dani! Can you please send us a note via https://t.co/IeSxT5cVHC?
Customer: i already did.",,safety_or_driver_conduct,escalate,safety_or_driver_conduct,,,,,,
b294983dd99f554967c0ffda5c8f2fb1,Customer: Love that I’ve reported two instances where I’ve been sexually harasse,"Customer: Love that I’ve reported two instances where I’ve been sexually harassed by drivers and @115873 has done nothing
Support: We take this very seriously. Please send us a DM with your email address so we can connect ASAP.",,safety_or_driver_conduct,escalate,safety_or_driver_conduct,,,,,,
99c76d1c913c67166682aa21839f507c,Customer: Your driver just tried to assault me @115873,"Customer: Your driver just tried to assault me @115873
Support: We take this very seriously. Please DM us your email address so we can follow up ASAP.",,safety_or_driver_conduct,escalate,safety_or_driver_conduct,,,,,,
ab12b2aef1cf605eaa997a40a9ba8b01,"Customer: when I’m paying extra for booking 2 seats instead of 1, how can the dr","Customer: when I’m paying extra for booking 2 seats instead of 1, how can the driver decide how many seats he will allocate to me?
Support: Happy to explain! Please visit https://t.co/Xw1MavqZob for more information on uberPOOL trips.
Customer: Read it! Where does it say that uber can charge me for two seats and still allocate just 1 because I am alone. I paid for and booked 2.
Support: Let's look further into this! Please reach out to us here: https://t.co/zUe0dj6yoX so we can follow up.
Customer: @Uber_Support driver can override that you only ate 1 passenger...just book uber x and get the whole car #neveruberpool
Customer: Never really heard back from you guys! One of the worse grievance mechanisms.
Support: We've followed up via DM!",,trip_or_pickup,auto-handle,trip_or_pickup,,,,,,
0e9e8946de810bd3b732c08cc25f0da6,Customer: you all have drivers scamming customers for $150 cleaning fees when th,"Customer: you all have drivers scamming customers for $150 cleaning fees when there was NO incident at all requiring a car to be cleaned. This is unacceptable &amp; policies need to be changed immediately. There should be a NO tolerance policy regarding drivers stealing from customers.
Support: We're sorry to hear this. Please send us a note at https://t.co/a6RfeBkKmr and we'll be happy to look into this for you.",,trip_or_pickup,auto-handle,trip_or_pickup,,,,,,
3e59e6cce27795334b973337635d487a,Customer: I would like to make a complaint about one of your drivers in egypt..w,"Customer: I would like to make a complaint about one of your drivers in egypt..what should I do
Support: Happy to help here! Please share details along with your email address in DM and we'll follow up. https://t.co/sd7yH5jmbJ",,trip_or_pickup,auto-handle,trip_or_pickup,,,,,,
a83107d31186007b4905a588d4d6f6f4,Customer: I need help. I am not able to access my Uber app. I have not received ,"Customer: I need help. I am not able to access my Uber app. I have not received the 4 digit code after entering my phone number.
Support: We're happy to help, Siti. Please connect at https://t.co/7noMs7ap6M and a member of our team will be in touch shortly.
Customer: Hi. I sent you a message regarding my concern. Thank you.
Support: We're so sorry for the trouble. Send us a note via https://t.co/lqVgKo4ZO3 so we can assist.
Customer: It says that I can only write a review after taking a trip
Customer: Where can I put a note in the link you provided?
Support: Hi Marion, our team has reached out so please check your rider app under the 'Help' section or email to see our response.",,trip_or_pickup,auto-handle,trip_or_pickup,,,,,,
f09e83229e347efaf2affa69326ab895,Customer: @115873 this driver was extremely unprofessional. He rejected my call ,"Customer: @115873 this driver was extremely unprofessional. He rejected my call 3× and then put that we were on a trip when I wasn't in car https://t.co/lhCbF1e90R
Support: Here to help. Send us a note at https://t.co/fS660rQ8NQ so our team can connect.",,trip_or_pickup,auto-handle,trip_or_pickup,,,,,,
839e9f14e31dc544b3ce07ef634c0feb,Customer: this driver is a menace! Nearly ran me over twice.  Not paying attenti,"Customer: this driver is a menace! Nearly ran me over twice.  Not paying attention to pedestrians at all. #Uber #Bad Driver. https://t.co/Ha2mb5eNOx
Support: We're here to help! Send us a DM with your email address so we can follow up.",,trip_or_pickup,auto-handle,trip_or_pickup,,,,,,
bf9571f9440a6e243acfbd3304b4f773,Customer: Is it not d same Uber I tried to order on Thursday when my Taxify app ,"Customer: Is it not d same Uber I tried to order on Thursday when my Taxify app wasn’t working &amp; I was in a hurry. One stupid driver accepted the ride
Customer: He didn’t call for like 5 minutes so I tried to call. His number didn’t exist. Before I knew it, he had started the trip from his end. Don’t
Customer: know how he did it. Note that I was still in my house and a trip was started and reading on my behalf. LOL! And he’s the only one who can
Customer: cancel the ride. I waited and when he finally cancelled, I was billed for a ride I didn’t embark on. Complained to @115873 &amp; nothing has been
Support: We're sorry to hear about this. Please send us a DM with your email address so we can connect.",,trip_or_pickup,auto-handle,trip_or_pickup,,,,,,
189973e5749df14992ad8c79011e17ca,Customer: Had the black cab v @115873 debate before taking the latter. Now stuck,"Customer: Had the black cab v @115873 debate before taking the latter. Now stuck in traffic with driver with no knowledge to try another route. Talk about a bad decision...
Support: Here to help. Send us a note at https://t.co/fS660rQ8NQ so our team can connect.",,trip_or_pickup,auto-handle,trip_or_pickup,,,,,,
0ff331ee501cbb9a11b372688e397eda,Customer: your driver did not take the map route and now is saying brake fail. U,"Customer: your driver did not take the map route and now is saying brake fail. Urgent SOS https://t.co/MG1qQvUwy8
Customer: @115873 Please help me in getting driver details. Your India handle is unresponsive
Support: Hi there! Please reach out to https://t.co/zUe0dj6yoX and fill out the 4 boxes at the bottom so we can get in touch.
Customer: Do you know what SOS means?
Customer: Done. This did. Please give me driver details. Im on my way to police station
Support: Sorry for the confusion! Send us a DM (direct message) with your email address and our team will follow up.
Support: We're sorry to hear this. Can you please send us a DM of your email address so we can look into this?
Customer: Wake Up
Customer: @115873 @119983 @116288
Customer: This is SOS. You are taking it lightly
Customer: Why does my email matter?
Customer: Sent DM. No reply there
Customer: Your form did not ask any email address
Support: We have routed this to the appropriate team who will be in contact within the in-app help section momentarily, Ashish.
Customer: @115873 @119983 @116288 Hello???
Customer: You are taking this situation lightly. Disappointing. I'm uninstalling your app right away. Don't bother with your inappropriate reply. I have seen your true Colors",,trip_or_pickup,auto-handle,trip_or_pickup,,,,,,
36f5b21fe88368ffbd01c1ed7d54b2b4,Customer: if I driver us completing a trip and taking too long you shouldn’t cha,"Customer: if I driver us completing a trip and taking too long you shouldn’t charge the cancellation.  Taking a Lyft hiatus!
Support: Here to help! Send us a note via https://t.co/h840Iouehc so our team can connect.
Customer: Dude I tried that, didn’t like the options, which is why I tweeted
Support: Here to help! Please send us a DM with your email address and more info regarding your concern so we can assist.",,trip_or_pickup,auto-handle,trip_or_pickup,,,,,,
6095522a2d127ca70f1c7a54c6ad5d53,"Customer: Dear Seattleites, ever book an @115873 driver named Konstantinos drivi","Customer: Dear Seattleites, ever book an @115873 driver named Konstantinos driving a VW Tiguan? Cancel immediately! Rudest driver I've ever experienced
Support: Sorry to hear about that! Can you please contact us via https://t.co/TmWmJyGFaK so our team can connect?",,trip_or_pickup,auto-handle,trip_or_pickup,,,,,,
1c8731061ef1af2b4a8d85ddfeafdb99,Customer: @115873  bad experience had paid double by saying rider outstanding no,"Customer: @115873  bad experience had paid double by saying rider outstanding not happy with uber
Support: We apologize for the trouble! Can you please contact us via https://t.co/1xM0TILvAI so our team can connect?",,trip_or_pickup,auto-handle,trip_or_pickup,,,,,,
c7c3eb455fb48bbf89ef963e799282aa,Customer: @115873 HELLO UBER??? my driver was the one who cancelled the trip but,"Customer: @115873 HELLO UBER??? my driver was the one who cancelled the trip but why did you charge me RM5 for the cancellation trip??????? HELLLLO??
Support: We're sorry to hear about the trouble! Please contact us via https://t.co/h840Iouehc so our team can connect.
Customer: done but it is still there??? i really need to use uber now https://t.co/Ibc58gVzQH
Support: We're here to help! Send us a DM with your email address so we can follow up.
Customer: already
Customer: ive dm-ed you but no response
Support: We've followed up via DM so please check your inbox.",,trip_or_pickup,auto-handle,trip_or_pickup,,,,,,
4453dc0e086135fc4afdb5126e3d9fba,Customer: Love @115873 but £12 worth of charges for trips I didn't take because ,"Customer: Love @115873 but £12 worth of charges for trips I didn't take because the driver cancelled it didn't turn up is rather annoying
Support: We're so sorry this was your experience Please send us a note here; https://t.co/1xM0TILvAI so our team can connect.",,trip_or_pickup,auto-handle,trip_or_pickup,,,,,,
e8d8c19cb343550afcca98dbcff8613b,Customer: your drivers refuse daily to travel from Vasundhara enclave to Gurgaon,"Customer: your drivers refuse daily to travel from Vasundhara enclave to Gurgaon. It's a torture everyday and have to cancel cabs
Support: Here to help! Send us a note at https://t.co/iOszeeHZhQ so our team can connect right away.",,trip_or_pickup,auto-handle,trip_or_pickup,,,,,,
420b3d14f39928f0b45b6e58b04cd13b,"Customer: absolutely disgusted! My driver accepted my job, but was actually in A","Customer: absolutely disgusted! My driver accepted my job, but was actually in ALDI!! 5 mins wait time turned into 15!!! Not happy!!!
Support: Sorry for the trouble! Send us a note here, https://t.co/xguILK85B3 and our team will be in touch.",,trip_or_pickup,auto-handle,trip_or_pickup,,,,,,
a4d2843dda6a9243cbd136090484ad4a,Customer: My name Alex Tsalkind I completed my driver signup more then a week..w,"Customer: My name Alex Tsalkind I completed my driver signup more then a week..when I be notified with approved.pls let me know..thanks
Support: Happy to follow up! Contact us via https://t.co/tv4psVy8sr so we can connect.",,trip_or_pickup,auto-handle,trip_or_pickup,,,,,,
65ba76d28bbfe04f33bf59fae46294ec,Customer: My Uber Driver just almost hit Sophia Richie as she crossed the street,"Customer: My Uber Driver just almost hit Sophia Richie as she crossed the street.
Support: Here to help! Can you please send us a DM with your email address and details so we can connect?",,trip_or_pickup,auto-handle,trip_or_pickup,,,,,,
4d87b4097170e9943eac19a9afef39f5,Customer: please inform driver not to start trip before collecting the passenger,"Customer: please inform driver not to start trip before collecting the passenger. #refundrequired #uberjaipur
Support: Here to help! Send us a note via https://t.co/1xM0TILvAI so our team can connect.",,trip_or_pickup,auto-handle,trip_or_pickup,,,,,,
425bb47550f8feaa58fc723a578d089d,"Customer: I got a uber for my best friend, Trinity so she could spend the night ","Customer: I got a uber for my best friend, Trinity so she could spend the night and dye my hair and THE UBER DRIVER STARTED DRIVING ON THE WRONG SIDE OF THE FREEWAY @Uber_Support @115873 https://t.co/djtHDdp9MT
Support: Here to help! Please send us a note at https://t.co/IeSxT5cVHC and we'll be happy to look into this for you.",,trip_or_pickup,auto-handle,trip_or_pickup,,,,,,
93c384cd24e5f0e42db9b6b4d597075f,Customer: Pulled up to my friend's place last night in an @115873 and as I was g,"Customer: Pulled up to my friend's place last night in an @115873 and as I was getting out, police were pulling up to pull him over. #WTF Either Uber drivers are the worst or I have the worst luck...
Support: Let's take a further look into this. Please send us a DM with the details and the email linked to your account.",,trip_or_pickup,auto-handle,trip_or_pickup,,,,,,
52bd90a3be645143af3c4ad082803269,Customer: ETA of 11 mins + arriving now. How do you explain this? Your driver re,"Customer: ETA of 11 mins + arriving now. How do you explain this? Your driver refused to pick me up. Why? https://t.co/4lfmMIO104
Customer: Above all, I had to pay the cancellation fee. 3rd instance in one week.
Support: Sorry to hear about that! Can you please contact us via https://t.co/593jusCquh so our team can connect.
Customer: No, I will not. Basically you can't do anything about it. Your drivers are so arrogant.",,trip_or_pickup,auto-handle,trip_or_pickup,,,,,,
f2da5192ec61c0760b52afedacc4c9de,"Customer: I witnessed a hit and run on a parked vehicle, believe it was one of y","Customer: I witnessed a hit and run on a parked vehicle, believe it was one of your drivers. I submitted a support ticket and left a note for the vehicle's owner, I have license plate and vehicle description. Please contact me for more info.
Support: We apologize for the trouble! Send us a DM with your email address and we'll connect.",,trip_or_pickup,auto-handle,trip_or_pickup,,,,,,
658fa29e934d4e24934eafa5a452a24c,Customer: Some girl got in the wrong @115873 pool and won't get out and my drive,"Customer: Some girl got in the wrong @115873 pool and won't get out and my driver is taking her over to her destination and increased my ETA by 20 min 🙄
Support: Sorry to hear of the trouble, Lucy! Please reach out to us here: https://t.co/kUyzFAuBFV so we can follow up.",,trip_or_pickup,auto-handle,trip_or_pickup,,,,,,
b608df7e308e779b02b84280e3196aea,Customer: I want to make a complaint I ordered food and the guy wouldn't bring t,"Customer: I want to make a complaint I ordered food and the guy wouldn't bring the food up to my flat
Support: Hi Chris - go ahead and check your DM for further details!",,trip_or_pickup,auto-handle,trip_or_pickup,,,,,,
